<?xml version="1.0" encoding="UTF-8"?>
<modification>
  <name>Mobikul Marketplace</name>
  <version>1.0.0.0</version>
  <code>Mobikul Marketplace</code>
  <author>Webkul</author>
  <link>http://webkul.com</link>

  <file path="catalog/controller/api/wkrestapi/common.php">
    <operation>
      <search><![CDATA[
        'home_sequence'                 => $home_sequence ? $home_sequence : array(),
      ]]></search>
      <add position="before"><![CDATA[
        'marketplace_status'             => $this->config->get('module_marketplace_status') ? true : ($this->config->get('marketplace_status') ? true : false),
      ]]></add>
    </operation>
  </file>

  <file path="catalog/model/account/customerpartner.php">
    <operation>
      <search><![CDATA[
        $query = $this->db->query($sql)->rows;
      ]]></search>
      <add position="after"><![CDATA[
        /**
         * wkrestapi code
         */
         foreach($query as $key => $value) {
     			if(isset($value['category_id']) && $value['category_id']) {
     				$arr_cat = $this->getCatrgories($value['category_id']);
     				$query[$key]['count'] = count($arr_cat);
            $query[$key]['name'] = html_entity_decode($value['name'],ENT_QUOTES,'UTF-8');
     			}
     		}

        /**
         * ends here
         */
      ]]></add>
    </operation>
  </file>
</modification>
